"A ",1.7705
"ABASEMENT",2.03
"ABBESS",2.97
"ABDICATION",3.57
"ABDOMEN",6
"ABDUCTION",4.93
"ABERRATION",2.27
"ABILITY",2.67
"ABODE",5.07
"ABOUT ",1.5902
"ABSENT ",3.2951
"ABYSS",5.17
"ACCIDENT ",5.5574
"ACCORDION",6.5
"ACROBAT",6.53
"ACROSS ",2.6721
"ACT ",3.3934
"ADAGE",2.77
"ADD ",3.6885
"ADMIRAL",6.2
"ADVANTAGE",2.37
"ADVERSITY",2.8
"ADVICE",3.13
"AFFECTION",4.87
"AFRAID ",4.082
"AFTER ",1.918
"AFTERLIFE",2.4
"AFTERNOON ",4.4262
"AGAIN ",2.0656
"AGILITY",4.57
"AGONY",5.43
"AGREEMENT",3.33
"AIR",4.2817
"AIRPLANE ",6.7049
"AL ",3.9836
"ALCOHOL",6.47
"ALGEBRA",5.17
"ALIMONY",4.47
"ALL ",3.0656
"ALLEGORY",2.13
"ALLIGATOR",6.87
"ALMOST ",1.9016
"ALONG ",1.8689
"ALREADY ",1.7049
"ALSO ",1.4918
"ALWAYS ",1.8525
"AM ",1.5574
"AMAZEMENT",4.47
"AMBASSADOR",5.7
"AMBULANCE",6.64
"AMOUNT",2.73
"AMOUR",5.5
"AMPLIFIER",5.8
"AN ",1.6066
"AND ",1.459
"ANDY ",4.0164
"ANECDOTE",3.77
"ANGER",4.87
"ANGLE",5.5
"ANIMAL",6.1
"ANIMALS ",6.2951
"ANIMOSITY",3.6
"ANKLE",6.77
"ANOTHER ",1.918
"ANSWER",2.9014
"ANTITOXIN",3.6
"ANXIETY",4.03
"ANY ",1.7377
"ANYBODY ",2.1311
"ANYTHING ",1.9672
"ANYWAY ",1.623
"APPEARANCE",4.07
"APPLE",6.73
"APPLES ",6.7705
"APPLIANCE",5.73
"APTITUDE",2.6
"ARBITER",2.33
"ARE ",1.3934
"AREN'T ",1.5574
"ARM",6.45
"ARMADILLO",3.77
"ARMY",6.37155
"AROUND ",2.7541
"ARRAY",3.3
"ARROW",6.57
"ARTIST",5.59615
"AS",1.2623
"ASK ",2.5246
"ASLEEP ",5.2131
"ASSAULT",4.8
"AT ",1.7541
"ATHLETICS",5.7
"ATMOSPHERE",4.23
"ATROCITY",3.67
"ATTENDANT",5.03
"ATTITUDE",2.77
"ATTRIBUTE",2.4
"AUNT ",5.377
"AUTHOR",4.53
"AUTOMOBILE",6.6809
"AVALANCHE",6.27
"AVENUE",6.07
"AWAY ",2.4754
"AWFUL ",2.8197
"BABY",6.48115
"BACK ",4.6393
"BACKGROUND",4.03
"BACTERIA",5.33
"BAD ",3.6721
"BAG ",5.5246
"BAGPIPE",6.43
"BALL ",6.3607
"BALLOONS ",6.7049
"BANALITY",2.03
"BANANAS ",6.5246
"BAND ",6.082
"BANDIT",5.83
"BANK ",5.8361
"BANKER",6.03
"BANNER",5.93
"BAR",6.4
"BARBARA ",4.2951
"BARD",4.9
"BARK ",5.4098
"BARN ",6.5574
"BARNACLE",4.5
"BARON",5.1
"BARREL",6.57
"BASEMENT",6.03
"BASKET ",6.0984
"BAT ",6.2131
"BATH ",5.9508
"BE ",1.3607
"BEADS ",6.0328
"BEAR ",6.2623
"BEAST",5.9
"BEAT ",4.082
"BEAUTIFUL ",4.7705
"BEAVER",6.5
"BECAUSE ",1.4918
"BED ",6.6885
"BEEN ",1.5574
"BEFORE ",2.1803
"BEGAN ",2.3934
"BEGGAR",6.4
"BEHIND ",3.7541
"BELFRY",4.43
"BELIEF",2.73
"BELIEVE ",2.2623
"BELLS ",6.2951
"BELONGINGS",5.1
"BEREAVEMENT",3.87
"BEST ",2.5902
"BET ",3.1967
"BETRAYAL",3.57
"BETTER ",2.3279
"BEVERAGE",5.87
"BEVERLY ",4.2459
"BICYCLE ",6.5902
"BIG ",4.8525
"BIGGER ",3.6066
"BILL ",4.7049
"BIRD",6.46615
"BIRTHDAY ",5.7377
"BIT ",3.6721
"BITE ",5
"BIVOUAC",3.37
"BLACK ",5.541
"BLACKBOARD ",6.4754
"BLACKSMITH",6.17
"BLANDNESS",2.83
"BLASPHEMY",3.17
"BLESSING",4.43
"BLISTER",6.53
"BLOCKS ",5.8033
"BLOOD",6.7
"BLOOM",5.63
"BLOSSOM",6.67
"BLOW ",4.1967
"BLUE ",6.1475
"BLUEBIRD ",5.9508
"BLUNDERBUSS",3.47
"BOARD",5.94485
"BOAT ",6.4426
"BOB ",4.5902
"BODY",6.4
"BONE ",5.9672
"BOOK",6.54285
"BOOTS ",6.4098
"BOREDOM",3.83
"BOSOM",6.57
"BOSS",5.73
"BOTH ",3.2295
"BOTTLE",6.5063
"BOUGHT ",3.0656
"BOULDER",6.13
"BOUQUET",6.77
"BOW ",5.3607
"BOWL",6.109
"BOWWOW ",4.5574
"BOX ",6.377
"BOY",6.3178
"BRAIN",5.93
"BRASSIERE",6.77
"BRAVERY",4.4
"BREAD",6.2787
"BREAK ",4.4262
"BREAKFAST ",6.2459
"BREAST",6.77
"BREEZE",5.87
"BRICKS ",5.9672
"BRIDGE ",6.4262
"BRIGHT ",5.1639
"BRING ",2.4918
"BROKE ",4.541
"BRONZE",6.17
"BROTHER ",5.6721
"BROUGHT ",2.4262
"BROWN ",5.5082
"BROWNIE ",5.8852
"BRUCE ",4.1475
"BRUSH ",5.9836
"BRUTALITY",4.9
"BRUTE",5.17
"BUFFOON",4.33
"BUG ",6.1639
"BUGGY ",5.6393
"BUILD ",4.1148
"BUILDER",5.7
"BUILDING",6.2164
"BUILT ",3.459
"BULLET",6.47
"BUNGALOW",6.13
"BUNNY ",6.0164
"BUS ",6.5082
"BUSYBODY",5.17
"BUT ",1.6066
"BUTCHER",6.27
"BUTTER",6.35055
"BUTTERFLY",6.6019
"BUTTON ",6.0656
"BY",1.6721
"CABIN",6.47
"CADBAGK ",6.1475
"CAGE ",5.8033
"CAKE ",6.3934
"CALL ",3.6066
"CAME ",4.27045
"CAMOUFLAGE",5.2
"CAMP",6.57
"CAN ",3.8197
"CAN'T ",1.8689
"CANDIDATE",4.67
"CANDLES ",6.541
"CANDY",6.41335
"CANE",6.43
"CAP ",5.6557
"CAPACITY",3.4
"CAPTIVE",5.27
"CAR",6.81205
"CARAVAN",5.83
"CARDBOARD ",5.8033
"CARDS ",6.082
"CARE ",2.9344
"CAREFUL ",2.918
"CAROL ",4.7377
"CARROTS ",6.623
"CARRY ",3.7377
"CASEMENT",4.63
"CASH",6.17
"CAT",6.76885
"CATCH ",4.377
"CATERPILLAR",6.57
"CATHY ",4.5902
"CATTLE",6.4
"CAUGHT ",3.8361
"CAUSALITY",2.9
"CBOSS ",5.377
"CELL",6.47
"CELLAR",6.27
"CENTENNIAL",4.1
"CENTS ",5.1311
"CEREBRUM",4.83
"CEREMONY",5.37
"CHAIR",6.63465
"CHALK ",5.9344
"CHANCE",2.5
"CHANGE ",3.2787
"CHAOS",4.57
"CHARLATAN",3.43
"CHARLES ",4.0328
"CHARM",4.7
"CHARTER",3.83
"CHASM",4.47
"CHEESE ",6.2459
"CHICKEN ",6.4754
"CHIEF",6.07
"CHILD",6.5
"CHILDREN ",6.2607
"CHIMNEY ",6.1803
"CHIN",6.43
"CHLORIDE",4.2
"CHRISTMAS",6.50575
"CHURCH",6.5281
"CIGAR",6.8
"CIRCLE",6.23
"CIRCUIT",4.97
"CIRCUS ",6.377
"CITATION",3.57
"CITY",6.43
"CKY ",5.2459
"CLASS ",5.5574
"CLAW",6.33
"CLAY ",5.8197
"CLEAN ",4.4918
"CLEANNESS",4.77
"CLEAR ",4.1475
"CLEMENCY",2.9
"CLIMB ",4.8525
"CLOCK",6.5369
"CLOSE ",3.4918
"CLOTHES ",6.3934
"CLOTHING",6.17
"CLOUDY ",6.1475
"CLOWN ",6.3279
"CO-OPERATION",3.4
"COAST",6.13
"COAT ",6.4918
"COBBLESTONE",5.87
"CODE",4.53
"COFFEE",6.73
"COIN",6.5
"COLD ",5.4754
"COLLEGE",6.2
"COLONY",5.1
"COLOR ",4.6721
"COMB ",6.0328
"COMBUSTION",5.1
"COME ",2.8197
"COMEDY",4.9
"COMFORTER",5.03
"COMMITTEE",5.03
"COMPARISON",2.93
"COMPETENCE",2.97
"COMPETITION",4.53
"COMRADE",5.57
"COMRADESHIP",4.4
"CONCEPT",1.93
"CONFIDENCE",3.4
"CONNOISSEUR",5.2
"CONQUEST",4.03
"CONTENTS",3.57
"CONTEXT",2.13
"CONTRACT",4.5
"CONTRIBUTION",3.67
"CONVENTION",5.07
"COOK ",5.7049
"COOKIES ",6.5246
"COOL ",4.3443
"COPIED ",3.541
"COPYBOOK",4.6
"CORD",6.03
"CORE",5.17
"CORN",6.34975
"CORNER",5.8601
"CORPSE",6.5
"COST",3.44895
"COSTUME",5.8
"COTTAGE",6.5
"COTTON",6.0574
"COULD ",1.4426
"COULDN'T ",1.5738
"COUNT ",3.6393
"COUNTRY ",5.2787
"COURTSHIP",5.3
"COUSIN ",5.1475
"COW ",6.6885
"COWBOY ",6.2787
"COWHIDE",5.4
"CRADLE",6.23
"CRAG",4.77
"CRANIUM",4.53
"CREAM ",5.8033
"CREATOR",3.87
"CREATURE",4.6
"CRIME",4.43
"CRISIS",3.43
"CRITERION",1.83
"CUISINE",5.57
"CUP ",5.8033
"CURLS ",5.5246
"CURLY ",5.6721
"CUSTOM",3.43
"CUT ",4.8361
"CUTE ",3.7049
"DAD ",6.459
"DADDY ",6.2459
"DAFFODIL",6.47
"DALLIANCE",2.43
"DAMSEL",6.03
"DAN ",4.0164
"DANCE ",5.6393
"DARK ",5.1475
"DAVE ",4.2295
"DAWN",6.37
"DAY ",4.8261
"DAYBREAK",6.43
"DAYLIGHT",5.9
"DEAD ",5.2623
"DEAR ",3.2459
"DEATH",5
"DEBACLE",2.1
"DEBBA ",4.0328
"DECEIT",3.3
"DECORATION",5.37
"DECREE",3.3
"DEDUCTION",2.67
"DEED",3.63
"DELIRIUM",4.8
"DELL",3.37
"DELUGE",4.57
"DEMOCRACY",2.47
"DEMON",4.7
"DERELICT",4.6
"DESK ",6.082
"DESTRUCTION",5.27
"DETERMINATION",3.57
"DETONATION",4.57
"DEVELOPMENT",3.07
"DEVIL",5.63
"DEVOTION",3.9
"DIAMOND",6.67
"DICK ",4.1148
"DICTIONARY ",5.9344
"DID ",1.8197
"DIDN'T ",1.6557
"DIED ",4.4918
"DIETY ",4.8525
"DIFFERENT ",2.7213
"DIFFUSION",3.4
"DIG ",5.1311
"DIHT ",5.7049
"DIME ",6.1311
"DINE ",4.7049
"DINNER ",5.6066
"DIRECTION",3.83
"DIRT",6.1
"DISASTER",5.1
"DISCIPLINE",3.57
"DISCLOSURE",2.17
"DISCONNECTION",3.57
"DISCOVERY",4.13
"DISCRETION",2.27
"DISEASE",4.87
"DISHES ",6.2951
"DISPARITY",2.7
"DISPOSITION",2.93
"DISTINCTION",2.7
"DISTRACTION",3.23
"DISTURBER",4.1
"DO ",2.0984
"DOCTOR",6.4131
"DOES ",1.5574
"DOESN'T ",1.7377
"DOG ",6.6674
"DOLE ",2.9508
"DOLL",6.24075
"DOLLAR",6.5
"DOLLARS ",6.2459
"DOLLY ",5.4754
"DOMICILE",4.2
"DON ",4.4426
"DON'T ",1.9672
"DONE ",2.2951
"DONNA ",4.1639
"DOOR",6.42295
"DOORMAN",6.4
"DOVE",6.53
"DOWN ",3.5738
"DRAMA",4.9
"DRAW ",4.9344
"DREAM",4.6
"DREAMED ",4.2295
"DREAMER",5.33
"DRESS",6.4617
"DRINK ",5.5738
"DRIVE ",4.8525
"DROP ",4.2131
"DRUM ",6.1311
"DRY ",4
"DUCK ",6.5902
"DUMMY",5.83
"DUST",6.03
"DUTY",3.17
"DWELLER",4.37
"DYNASTY",3.63
"EACH ",2.1148
"EARLY ",3.377
"EARS ",6.3607
"EARTH",6.27
"EASTER ",5.918
"EAT ",5.7213
"ECCENTRICITY",3.77
"ECONOMY",3.2
"ED ",4.459
"EDIFICE",4.7
"EDITION",3.4
"EFFORT",3.33
"EGGS ",6.5574
"EGO",2.9
"EIGHT ",4.9836
"EITHER ",1.7541
"ELABORATION",2.63
"ELBOW",6.3
"ELECTRIC ",4.3115
"ELEPHANT",6.78385
"ELSE ",1.541
"EMANCIPATION",3.2
"EMBEZZLEMENT",3.17
"EMERGENCY",5.03
"EMPORIUM",2.93
"ENCEPHALON",2.17
"ENCORE",4
"END ",4.0984
"ENGAGEMENT",4.7
"ENGINE",6.05025
"ENOUGH ",2.5574
"ENSEMBLE",4.63
"ENTERPRISE",3.07
"EPISODE",3.37
"EPISTLE",4.23
"EQUITY",2.23
"ERASER ",6.0492
"ERRAND",4.27
"ESSENCE",2.33
"EVANGELIST",4.97
"EVEN ",2.541
"EVENING ",4.9836
"EVENT",2.9
"EVER ",1.7377
"EVERY ",1.9508
"EVERYBODY ",3.7377
"EVERYTHING ",2.6557
"EVIDENCE",3.23
"EXACTITUDE",2.23
"EXAMINATION",6.07
"EXCLUSION",2.8
"EXCUSE",2.5981
"EXERTION",4.33
"EXHAUST",5.17
"EXHAUSTION",5.1
"EXPLANATION",2.9
"EXPRESSION",3.57
"EXTERMINATION",4.03
"EYES ",6.6393
"FABRIC",5.6
"FACE ",5.7377
"FACILITY",2.73
"FACT",2.2
"FACTORY",6.43
"FAIR ",4.5738
"FAIRY ",5.2295
"FALCONER",4.03
"FALL ",5.0164
"FALLACY",2.3
"FAMILY ",5.9016
"FAN ",5.9344
"FANTASY",3.7
"FAR ",3.5246
"FARM ",6.3115
"FARMER ",6.2295
"FAST ",4.1639
"FAT ",6.0164
"FATE",2.37
"FATHER ",6.377
"FATIGUE",5.07
"FAULT",2.83
"FEED ",4.918
"FEET ",6.3934
"FELINE",4.67
"FELL ",4.541
"FENCE ",6.2295
"FESTIVITY",5.3
"FEUDALISM",3.83
"FEW ",2.7705
"FIELD ",5.6066
"FIFTEEN ",4.8033
"FIGHT ",5.6066
"FIGMENT",2.3
"FINALLY ",1.9508
"FIND ",2.623
"FINE ",3
"FINGER ",6.5902
"FINISH ",3.6393
"FIORD",5.7
"FIRE",6.5713
"FIREPLACE",6.7019
"FIRMAMENT",4.3
"FIRST ",4.6066
"FISH ",6.7213
"FISHERMAN",6.5
"FIVE ",5.541
"FIX ",3.7869
"FLAG",6.48035
"FLASK",6.5
"FLESH",6.13
"FLEW ",4.3443
"FLEXIBILITY",4
"FLOAT ",5.2131
"FLOOD",6.33
"FLOOR ",6.0984
"FLOWER",6.57
"FLOWERS ",6.6393
"FLY ",6.1148
"FOAM",6.33
"FOIBLE",2.2
"FOLLY",2.93
"FOOD ",5.9344
"FOOT ",6.459
"FOOTBALL ",6.5902
"FOOTWEAR",6.1
"FOR ",1.4918
"FOREHEAD",6.27
"FOREST",6.42975
"FORETHOUGHT",2.57
"FORGET ",2.5574
"FORGOT ",2.5246
"FORK",6.57
"FORM",4.3
"FORMATION",3.87
"FORTUNE",4.57
"FOUND ",2.8361
"FOWL",5.87
"FOX",6.3978
"FRANCHISE",2.9
"FRANK ",4.3279
"FREEDOM",3.83
"FRICTION",4.33
"FRIDAY ",4.3279
"FRIEND",5.8981
"FROG",6.73
"FROM ",1.7049
"FRONT ",3.8852
"FRONTAGE",4.57
"FRUIT ",6.1803
"FUEL ",3.0984
"FULL ",4.5082
"FUN",4.8117
"FUNCTIONARY",1.77
"FUNNY ",3.9016
"FUR",6.18875
"FURNITURE",6.126
"GADFLY",3.77
"GAIETY",5.63
"GALAXY",6
"GALLERY",5.97
"GAMES ",4.9344
"GARAGE ",6.3607
"GARDEN",6.3896
"GARMENTS",5.83
"GARRET",4.13
"GAVE ",2.5738
"GEESE",6.53
"GEM",6.4
"GENDER",2.9
"GENIUS",4.27
"GENTLEMAN",6.2
"GEORGE ",4.5246
"GET ",2.082
"GHOST",5.37
"GIFT",5.77
"GILT",4.2
"GINGHAM",5.33
"GIRL",6.57435
"GIST",1.97
"GIVE ",3.2459
"GLACIER",6.07
"GLAD ",3.7049
"GLASS ",5.8525
"GLORY",4.13
"GLOVES ",6.3279
"GLUTTON",5.77
"GO ",3.5738
"GOAT ",6.377
"GOBBLE ",4.4754
"GOBLET",6.03
"GOD ",4.7541
"GODDESS",5.23
"GOLD",6.09565
"GOLDFISH ",6.377
"GOLF",6.7
"GONE ",2.9672
"GOOD ",3.0984
"GOOD-BY ",3.9508
"GOODNESS ",2.6721
"GOOSE ",6.2131
"GORE",4.67
"GOT ",1.9344
"GRADE ",4.7377
"GRADUATION",6.03
"GRANDFATHER ",6.0656
"GRANDMA ",6.1639
"GRANDMOTHER",6.30515
"GRANDPA ",6.0328
"GRASS",6.44615
"GRATITUDE",3.7
"GRAVITY",3.6
"GRAY ",4.9672
"GREAT ",3.2131
"GREED",3.53
"GREEN",6.2918
"GRIEF",4.7
"GROCERY ",6.0492
"GROUND ",5.8852
"GROW ",3.8852
"GUARDHOUSE",5.8
"GUESS ",2.6557
"GUN ",6.3443
"GYMNASTICS",5.83
"HABITATION",4.6
"HAD ",1.7213
"HAIR ",6.4426
"HAIRPIN",6.13
"HALF ",4.2915
"HALL",5.82335
"HALLOWEEN ",6.2623
"HAMLET",5.87
"HAMMER",6.73
"HAND ",6.2131
"HANDKERCHIEF ",6.2623
"HANG ",4.6393
"HANKERING",2.23
"HAPPINESS",5.13
"HAPPY ",4.9672
"HARD ",3.9672
"HARDLY ",1.8361
"HARDSHIP",4.1
"HARDWOOD",5.77
"HARNESS",5.1
"HARP",6.6
"HAS ",1.8161
"HASN'T ",1.7869
"HAT ",6.1311
"HATRED",3.97
"HAVE ",1.8525
"HAVEN'T ",1.8625
"HAY ",6.1967
"HE",3.1475
"HE'S ",2.085
"HEAD ",6.3607
"HEADLIGHT",6.43
"HEADQUARTERS",5.03
"HEALTH",4.1
"HEARD ",2.5738
"HEARING",3.77
"HEART ",6.3115
"HEAVEN",4.13
"HELEN ",3.7869
"HELLO ",3.5902
"HELP ",3.8852
"HEN ",6.1475
"HENCHMAN",4.67
"HER ",3.4426
"HERE ",2.5246
"HERE'S ",1.5738
"HEREDITY",3.53
"HEROISM",4.17
"HID ",3.5082
"HIDE",4.0967
"HIERARCHY",5.13
"HIGH ",4.3115
"HILL ",6.3115
"HILLSIDE",6.3
"HIM ",3.1967
"HIMSELF ",2.5574
"HINDRANCE",3.07
"HINT",2.57
"HIS ",2.6557
"HISTORY",3.47
"HIT ",4.9016
"HOLD ",3.6393
"HOLE ",5.4098
"HOLIDAYS ",4.8197
"HOME",6.31555
"HOMICIDE",4.17
"HONEYCOMB",6.23
"HONOR",3.5
"HOOF",6.37
"HOP ",4.5902
"HOPE",3.4063
"HORN ",5.8698
"HORSE",6.73605
"HORSEHAIR",5.67
"HOSPITAL",6.5191
"HOSTAGE",5.57
"HOSTILITY",4.23
"HOT ",5.2295
"HOTEL",6.4
"HOUND",6.27
"HOUR",3.6
"HOUSE",6.6055
"HOW ",1.8525
"HUMOR",4.57
"HUNDRED ",4.9016
"HUNGRY ",4.4262
"HUNT ",4.4262
"HURDLE",6.33
"HURRICANE",6.33
"HURRY ",3.8361
"HURT ",4.2131
"HYPOTHESIS",2.4
"I ",4.6885
"I'D ",1.6885
"I'LL ",1.918
"I'M ",2.0328
"I'VE ",1.8361
"ICE ",6.4262
"ICEBOX",6.17
"ICECREAM ",5.8361
"IDEA",2.5918
"IDIOM",3
"IF ",1.623
"IGNORANCE",3.0473
"ILLUSION",3.53
"IMMUNITY",3.43
"IMPACT",4.47
"IMPOTENCY",3.4
"IMPROPRIETY",1.87
"IMPULSE",3.7
"IN ",2.7049
"INANITY",1.83
"INCIDENT",2.9
"INCLEMENCY",3.03
"INCREMENT",2.63
"INDUCEMENT",2.93
"INDUSTRY",5.77
"INEBRIETY",3.53
"INFANT",6.33
"INFECTION",4.87
"INFIRMARY",5.63
"INGRATITUDE",2.93
"INHABITANT",4.33
"INJURY",5.7
"INK",6.2014
"INN",6.07
"INSECT",6.1
"INSIDE ",3.9672
"INSOLENCE",3.93
"INSTANCE",2
"INSTITUTE",4.6
"INSTRUCTOR",5.7
"INSTRUMENT",5.67
"INTELLECT",2.93
"INTEREST",3.13
"INTERIM",1.97
"INTERVIEW",5.03
"INTIMATE",5
"INTO ",2.4426
"INVESTIGATION",3.6
"INVITED ",3
"INVOICE",5.17
"IRON",5.88745
"IRONY",2.83
"IS ",1.4098
"ISLANDER",5.43
"ISN'T ",1.7705
"IT ",2.1148
"IT'S ",1.8033
"ITEM",3.67
"JACK ",4.8197
"JACK-O-LANTEHN ",6.2459
"JAIL",6.43
"JANUARY ",4.3934
"JEALOUSY",4.72
"JEAN ",4.4754
"JELLY",6.2492
"JEOPARDY",3.03
"JIM ",4.7377
"JOAN ",4.5246
"JOE ",4.7541
"JOHN ",4.7377
"JOKE",4.27
"JOURNAL",5.6
"JOVIALITY",5.2
"JOY",5.43
"JOYCE ",4.1803
"JUDGE",6.27
"JUDY ",4.918
"JUGGLER",6.1
"JUICE ",5.9344
"JUMP ",5
"JURY",6.07
"JUST ",1.8361
"JUSTICE",3.6
"KAREN ",4.5246
"KEEN ",2.0492
"KEEP ",2.6557
"KEG",6.4
"KEPT ",2.3115
"KERCHIEF",5.23
"KEROSENE",5.77
"KETTLE",6.23
"KEY ",6.3115
"KID ",5.5082
"KILL ",5.1803
"KIND ",3.0492
"KINDERGARTEN ",5.5902
"KINDNESS",4.2
"KINE",2
"KING",6.1596
"KISS",6.8
"KITCHEN ",6.082
"KITE ",6.3115
"KITTEN ",6.4262
"KITTY ",5.8033
"KNEW ",1.918
"KNIFE ",6.3607
"KNOCKED ",4.3607
"KNOW ",2.541
"KNOWLEDGE",2.97
"LABYRINTH",4.83
"LAD",6.33
"LADY ",5.5574
"LAKE",6.44975
"LAND ",5.918
"LANDSCAPE",6.43
"LARK",6.2
"LARRY ",4.3934
"LAST ",4.1148
"LATE ",3.3443
"LAUGH ",5.6885
"LAW",3.73
"LAWN",6.57
"LAY ",3.5246
"LEADER",5.13
"LEAF ",6.1967
"LEAFLET",5.47
"LEARN ",2.7213
"LEAVE ",3.2787
"LECTURE",5.57
"LECTURER",5.7
"LEFT ",3.623
"LEGGINGS",5.87
"LEGISLATION",3.33
"LEGS",6.3934
"LEMON",6.83
"LEMONADE",6.5
"LENGTH",3.73
"LEOPARD",6.77
"LESSONS ",4.1311
"LET ",1.623
"LET'S",1.7213
"LETTER",6.1276
"LETTERHEAD",5.13
"LETTUCE ",6.5246
"LIBRARY",6.3814
"LICE",5.57
"LIFE",4.07
"LIGHT ",5.5574
"LIKE ",2.4098
"LIMB",6.17
"LIME",5.67
"LIMELIGHT",4.83
"LINDA ",5.0492
"LINE ",4.8525
"LINK",4.8
"LION ",6.6885
"LIP",6.57
"LISTEN ",3.4426
"LITTLE ",4.4262
"LIVE ",3.1475
"LOBSTER",6.57
"LOCKER",6.27
"LONG ",4.2951
"LOOK ",3.6721
"LOOSE ",3.4098
"LOQUACITY",3.4
"LORD",4.63
"LOST ",3.0656
"LOTS ",3.1967
"LOUD ",4.6721
"LOVE",5.6
"LOVELY ",4.0492
"LOVK ",4.9508
"LOYALTY",4.07
"LUBRICANT",5.23
"LUMP",5.63
"LUNCH ",6.0492
"MACARONI",6.47
"MACHINE",5.8033
"MAD ",4.9672
"MADE ",2.5574
"MADNESS",4.03
"MAGAZINE",6.4
"MAGNITUDE",2.5
"MAIDEN",6.1
"MAIL ",5.9344
"MAJORITY",3.63
"MAKE ",3.3115
"MAKER",3.57
"MALADY",3.37
"MALARIA",4.83
"MALICE",3.3
"MAMMA ",6.3279
"MAMMAL",5.57
"MAN ",6
"MANAGEMENT",3.9
"MANTLE",6.27
"MANY ",3.5738
"MARBLES ",6.5738
"MARCH ",5.3443
"MARKET",6.13
"MARRIAGE",5.8
"MARY ",5.2459
"MAST",6.43
"MASTER",4.97
"MASTERY",2.77
"MATERIAL",5.07
"MATHEMATICS",4.5
"MAY ",3.6885
"MAYBE ",1.8689
"ME ",4.8033
"MEADOW",6.43
"MEAN ",3.918
"MEAT",6.3478
"MEDALLION",5.87
"MEETING",5.2
"MEMORY",3.1
"MEN ",5.918
"MENACE",3.73
"MERCY",3.4
"MERRY-GO-ROUND ",6.2623
"MET ",2.8361
"METAL",5.87
"METHOD",2.63
"METROPOLIS",5.97
"MEW ",3.7705
"MICK ",6.1803
"MICROSCOPE",6.57
"MIDDLE ",4.0164
"MIGHT ",2.1475
"MIKE",5.1639
"MILEAGE",4.53
"MILK ",6.5246
"MIND",3.17895
"MINE ",3.2787
"MINUTE ",3.623
"MIRACLE",3.33
"MIRAGE",4.97
"MISCHIEF",4.03
"MISCONCEPTION",2.3
"MISERY",4.37
"MISS ",3.9672
"MISSILE",6.33
"MOISTURE",5.2
"MOLECULE",4.43
"MOMENT",2.5
"MONARCH",6.2
"MONDAY ",3.9672
"MONEY",6.33795
"MONK",6.4
"MONKEY ",6.541
"MONTH",4.29975
"MOO ",4.4426
"MOOD",3.67
"MOON ",6.4754
"MORAL",3.17
"MORE ",2.7705
"MORGUE",6.03
"MORNING ",5.4918
"MOSQUITO",6.53
"MOSS",6.33
"MOST ",2.4918
"MOTHER",6.6301
"MOUNTAIN",6.77
"MOUSE ",6.4098
"MOUTH ",6.3115
"MOVE ",3.9016
"MR. ",3.2787
"MRS. ",3.8361
"MUCH ",2.6066
"MUCUS",5.53
"MUD ",6.2459
"MULE",6.6
"MULTIPLICATION",4.73
"MURDER",5.4
"MUSIC ",5.5052
"MUSICIAN",6.13
"MUST ",1.7213
"MY ",2.4426
"MYSELF ",4.7213
"NAIL",6.5
"NAME ",4.082
"NAMESAKE",3.37
"NANCY ",4.1148
"NEARLY ",2.082
"NEAU ",2.8525
"NECESSITY",3
"NECK ",5.8689
"NECTAR",5.33
"NEED ",2.541
"NEPHEW",4.3
"NEST ",6.1311
"NEVER ",2.0328
"NEWSPAPER",6.35875
"NEXT ",2.4426
"NICE ",2.7705
"NICKLE ",6.2787
"NIGHT ",6
"NIGHTFALL",6.17
"NINE ",5.3934
"NOISE ",4.1967
"NONSENSE",3.07
"NOOSE",6.23
"NORTHWEST",4
"NOSE ",6.3279
"NOT ",1.7705
"NOTHING ",2.6885
"NOW ",2.0492
"NUMBER",4.2295
"NUN",6.67
"NURSE ",6.1803
"NURSERY",6.1
"NUTMEG",5.37
"NUTS ",6.1803
"NYMPH",5.63
"O'CLOCK ",3.0984
"OATS",6.07
"OBEDIENCE",3.67
"OBSESSION",3.87
"OCCASION",2.53
"OCEAN",6.72105
"ODOR",5.13
"OF ",1.2295
"OFF ",2.541
"OFFICER",6.23
"OFFSHOOT",3.67
"OH ",1.9016
"OIL ",5.9836
"OLD ",5.4754
"ON ",2.7049
"ONCE ",2.4262
"ONE ",5.082
"ONLY ",1.9672
"ONSLAUGHT",3.67
"OPEN ",3.7541
"OPINION",3.23
"OPIUM",4.6
"OPPORTUNITY",3.03
"OR ",1.3279
"ORANGE ",6.3115
"ORCHESTRA",6.77
"ORIGIN",2.3
"ORIGINATOR",3.3
"OSCULATION",2.7
"OTHER ",2.1311
"OUGHT ",1.459
"OUR ",2.5902
"OUT ",3.2131
"OUTCOME",2.4
"OUTDOORS ",5.3607
"OUTSIDE ",4.8361
"OUTSIDER",5.27
"OVEN",6.4
"OVER ",2.6393
"OVERSHOES ",5.5246
"OWN ",2.459
"OWNER",4.23
"OWNERSHIP",3.27
"OXYGEN",4.27
"PACIFISM",3.9
"PACT",3.5
"PAGE ",5.2459
"PAID ",3.8033
"PAIL ",5.6721
"PAINT ",5.918
"PAINTER",5.87
"PAIR ",4.459
"PALACE",6.5
"PANIC",5.33
"PANORAMA",4.47
"PANTS ",6.2787
"PAPA ",5.9344
"PAPER",6.15
"PARADE ",6.1311
"PARK ",5.918
"PART ",3.3115
"PARTY",6.1924
"PASS ",4.082
"PASSAGEWAY",5.53
"PASSION",5.3
"PASTE ",5.442
"PATENT",3.43
"PATTY ",4.2459
"PAWS ",5.7049
"PAY ",4.3116
"PEACEMAKER",4.03
"PEACH",6.6
"PEANUTS ",6.3934
"PELT",5.4
"PEN ",6.5574
"PENCIL",6.4555
"PENNY ",5.9836
"PEOPLE ",5.7377
"PEP",4.6
"PEPPER",6.27
"PERCEPTION",3.17
"PERFORMER",5.43
"PERIODICAL",4.93
"PERJURY",3.37
"PERMISSION",2.87
"PERSON",5.83
"PET ",5.7213
"PETE ",4.2623
"PHANTOM",5.03
"PHOTOGRAPH",6.43
"PHYSICIAN",6.37
"PIANIST",6.43
"PIANO",6.7
"PICK ",4.0492
"PICNIC ",6.0984
"PICTURE",5.93605
"PIE ",6.5246
"PIECE ",3.8689
"PIG ",6.377
"PINK ",5.9672
"PIPE",6.43
"PISTON",5.37
"PLACE ",3.623
"PLAIN",5.37
"PLANE ",6.2295
"PLANK",6.3
"PLANT",6.14345
"PLAY ",4.7869
"PLAYHOUSE ",5.9016
"PLEASE ",2.377
"PLEASURE",4.8
"PLEDGE",3.63
"POET",5.27
"POETRY",4.9
"POLE",6.1
"POLICEMAN",6.5959
"POLLUTION",4.63
"POND ",6.3279
"PONY ",6.377
"POOR ",4.1639
"POPCORN ",6.5738
"PORCH ",6.0104
"PORTAL",5.1
"PORTRAIT",5.87
"POSITION",2.97
"POST OFFICE ",6.1803
"POSTER",6.33
"POSTMASTER ",5.0984
"POTATO",6.5
"POTATO10S ",6.459
"POVERTY",5.07
"POWER",4.47
"PRAIRIE",6.47
"PRAYER",5.17
"PREDICAMENT",3.3
"PRESENT",4.8
"PRESENTS ",5.7213
"PRESSURE",4.1
"PRESTIGE",3.67
"PRETTY ",4.5574
"PREVIEW",4.03
"PRIDE",4.23
"PRIEST",6.53
"PRINT ",4.9836
"PRISON",6.23
"PRISONER",6.23
"PRIZE ",5.2961
"PROCESSION",5.7
"PRODUCT",4.2
"PROFESSION",3.83
"PROFESSOR",6.17
"PROFILE",5.97
"PROGRAM ",4.0656
"PROMOTION",3.33
"PROPERTY",4.87
"PROPRIETOR",5.1
"PROSECUTOR",5
"PROSPERITY",4.47
"PROXY",2.7
"PUDDING",6.27
"PULL ",4.2459
"PUMPKIN ",6.4098
"PUPIL",6.37
"PUPPY ",6.6721
"PURPLE ",5.6066
"PUSH ",4.3115
"PUT ",2.4918
"PYTHON",5.47
"QUALITY",3.1
"QUANTITY",3.47
"QUEEN",6.57
"QUEST",4.53
"QUIET ",4.0104
"QUIT ",3.2295
"QUITE ",1.9836
"RABBIT ",6.5738
"RACKETEER",5.07
"RADIO ",6.5574
"RAILROAD",6.27
"RAIN ",6.2787
"RAN ",4.2023
"RAT ",6.3934
"RATING",2.6
"RATTLE",6.3
"RAY ",4.7049
"REACTION",3.83
"READ ",4.2295
"READY ",2.5246
"REAL ",2.3934
"REALLY ",1.7213
"RECESS ",4.9016
"RECITAL",4.97
"RECOGNITION",3.6
"RED ",5.9344
"REFLECTION",5.9
"REFLEX",4.73
"REFRIGERATOR",6.67
"REINDEER ",6.4262
"REMEMBER ",2.5902
"REMINDER",2.83
"RENDEZVOUS",5.2
"REPLACEMENT",2.7
"REPTILE",6
"RESEARCH",4.13
"RESIDUE",4.87
"REST ",4.2787
"RESTAURANT",6.47
"RETAILER",4.33
"REVOLT",5.07
"REVOLVER",6.7
"RHAPSODY",4.23
"RHEUMATISM",4.5
"RIDDLES ",3.8197
"RIDE ",4.0066
"RIGHT ",3.4754
"RING ",6
"RITUAL",4.7
"RIVER",6.43795
"ROAD ",6.3443
"ROBBER",5.67
"ROBBERY",5
"ROBERT ",4.5574
"ROBIN",6.1475
"ROCK",6.29975
"ROD",5.97
"ROLL ",4.8525
"ROOM ",6
"ROOSTER ",5.2459
"ROPE ",6.2951
"ROSES ",6.3443
"ROSIN",4.2
"ROUND ",5.5902
"RUBBER ",5.8197
"RUBBLE",5.23
"RUG ",6.1967
"RUN ",4.9836
"RUTH ",3.9672
"SAD ",4.623
"SADNESS",4.63
"SAFETY",4.27
"SAID ",2.0328
"SAIL ",5.7705
"SALAD",6.53
"SALARY",4.7
"SALLY ",4.1311
"SALOON",6.43
"SALUTATION",4.47
"SALUTE",5.77
"SAM ",4.9344
"SAME ",2.5574
"SAND ",6.1639
"SANDRA ",4.1148
"SANG ",3.5902
"SANTA ",6.4262
"SANTA CLAUS ",6.0557
"SAT ",3.377
"SATIRE",3.37
"SATURDAY ",4.4426
"SAUCE",5.8
"SAVANT",3.07
"SAW ",4.3279
"SAY ",2.3115
"SAYS ",2.0656
"SCARED ",4.2459
"SCARLET",6.37
"SCHOOL ",6.377
"SCIENCE",4.07
"SCISSORS ",6.4754
"SCOOTER ",5.6721
"SCORPION",6.27
"SEA",6.73
"SEASON",4.87
"SEAT",5.76555
"SECOND ",3.8852
"SECRET ",3.541
"SEE ",3.1803
"SELL ",3.4098
"SEMESTER",3.53
"SEND ",2.9016
"SENSATION",3.67
"SENT ",2.2459
"SENTENCES ",4.4426
"SENTIMENT",3.57
"SERF",5.5
"SERIES",4.47
"SESSION",3.67
"SET ",3.2131
"SETTLEMENT",4.6
"SETTLER",5.4
"SEVEN ",5.2131
"SHADOW",5.63
"SHALL ",1.5246
"SHAME",4.1
"SHE ",3.3115
"SHEDS ",5.8033
"SHEEP ",6.1311
"SHEEPSKIN",6.13
"SHEPHERDS ",5.6066
"SHINE ",4.7377
"SHIP",6.49895
"SHIRT ",6.1803
"SHOCK",4.67
"SHOES",6.5281
"SHOOT ",4.8033
"SHOP ",5.3934
"SHORE",6.63
"SHORT ",4.4426
"SHOT ",4.9344
"SHOTGUN",6.6
"SHOULD ",1.6557
"SHOW ",4.541
"SHRIEK",5.73
"SHUT ",3.9344
"SICK ",5.082
"SICKNESS",5.17
"SIDE ",3.6393
"SILENCE",4.1
"SIMILE",2.9
"SING ",4.918
"SINGER",6.17
"SISTER ",5.5246
"SIT ",4.7049
"SITUATION",2.53
"SIX ",5.1148
"SKATES ",6.1475
"SKILLET",6.1
"SKIN",6.43
"SKIP ",4.9672
"SKULL",6.47
"SKY",6.50435
"SLAVE",6.23
"SLED ",6.1803
"SLEEP ",5.377
"SLEEPY ",4.983
"SLEIGH ",6.2951
"SLID ",4.3115
"SLIDE ",5.623
"SLIPPER",6.47
"SLUSH",6.27
"SMALL ",4.4918
"SMELL ",4.4098
"SNAKE",6.6959
"SNOW ",6.5082
"SO ",1.3279
"SOBRIETY",3.5
"SOCIALIST",3.13
"SOFT ",5.1311
"SOIL",6
"SOLD ",3.3607
"SOLDIERS ",6.4426
"SOME ",2.0164
"SOMEBODY ",2.8033
"SOMEONE ",3.1311
"SOMETHING ",2.4918
"SOMETIMES ",1.9508
"SONATA",4.53
"SONG ",5.2623
"SOON ",2.0984
"SORRY ",2.7705
"SOUL",2.13
"SOVEREIGN",5.73
"SPADE ",5.4262
"SPEAKEASY",3.8
"SPEAKER",5.67
"SPEECH",4.33
"SPELL ",3.0721
"SPIN ",4.377
"SPINACH",6.2186
"SPIRE",5.57
"SPIRIT",3.43
"SPOT ",5
"SPRAY",6.17
"SPREE",4.27
"SPRING ",5.7213
"SQUARE",6.37
"SQUIRREL ",6.4262
"STAGECOACH",6.43
"STAIN",5.93
"STAND ",4.5246
"STAR",6.44015
"START ",3.2295
"STATION ",5.2787
"STAY ",2.377
"STEAM",6.37
"STEAMER",6.53
"STEERAGE",3
"STEP ",4.6885
"STEVE ",4.6066
"STICK ",5.5738
"STILL ",2.8361
"STOCKINGS ",6.459
"STONE",6.23
"STOOP ",4.0656
"STOP ",4.541
"STORE ",5.9508
"STOREROOM",5.87
"STORM",6.43
"STORY ",4.377
"STOVE ",6.2787
"STRAIGHT ",4.8033
"STRAWBERRY",6.8
"STREET",6.36695
"STRENGTH",4.63
"STRING",6.136
"STRONG ",4.7869
"STUB",4.97
"STUCK ",3.8852
"STUDENT",6.27
"STUDY ",4.9016
"STYLE",3.83
"SUBSTITUTE",3.13
"SUBTRACTION",3.8
"SUCH ",1.3934
"SUDS",6.4
"SUE ",4.5574
"SUGAR",6.3096
"SUIT ",5.7541
"SULPHUR",6.03
"SULTAN",5.57
"SUMMER ",5.7705
"SUN ",6.4754
"SUNBURN",6.7
"SUNDAY ",4.8033
"SUNSET",6.83
"SUNSHINE ",6.1803
"SUPPER ",5.7049
"SUPPLICATION",2.8
"SUPPOSED ",1.623
"SUPPRESSION",2.83
"SURF ",1.9672
"SURPRISED ",4.1967
"SURTAX",1.63
"SUSAN ",4.8689
"SWAMP",6.33
"SWEATER ",6.3007
"SWEET ",4.1803
"SWIM ",6.6393
"SWING ",6.1967
"TABLE",6.4631
"TABLESPOON",6.33
"TABLET ",5.8361
"TADPOLES ",5.9016
"TAIL ",5.9672
"TAKE ",2.8525
"TALK ",4.1475
"TALL ",5.3115
"TANK",6.23
"TARDY ",3.6885
"TAUGHT ",3.1475
"TEACH ",4.623
"TEACHER",5.9014
"TEAR ",5.2951
"TEETH ",6.3607
"TELEPHONE ",6.459
"TELL ",2.6557
"TEMERITY",2.33
"TEMPEST",5.63
"TEMPLE",6.13
"TEN ",5.5574
"TENDENCY",2.2
"TEST ",5.5246
"THAN ",1.5738
"THANK ",2.6885
"THANKFUL ",3.541
"THANKSGIVING ",6.1803
"THAT ",1.8525
"THAT'S ",1.6721
"THE ",1.3443
"THEE ",6.623
"THEIR ",2.0328
"THEM ",2.2951
"THEN ",1.7705
"THEOLOGIAN",4.47
"THEORY",2.57
"THERE'S ",1.5246
"THESE ",1.9344
"THEY ",2.606
"THICKET",5.6
"THIEF",5.7
"THINGS ",3.2623
"THINK ",2.6066
"THIRD ",4.3443
"THIRSTY ",4.7213
"THIRTY ",4.8852
"THIS ",1.918
"THISTLEDOWN",3.83
"THORN",6.33
"THOSE ",1.9508
"THOUGH ",1.6066
"THOUGHT",2.6883
"THREE ",5.1148
"THREW ",4.0164
"THROW ",4.5574
"THURSDAY ",3.1148
"THY ",2.3934
"TICKET",6.2
"TICKETS ",6.2131
"TIDBIT",4.37
"TIE ",5.7869
"TIGER ",6.3279
"TIGHT ",4.2623
"TILL ",1.8852
"TIME",3.8683
"TIMEPIECE",6.1
"TINY ",4.7213
"TIRED ",4.5902
"TO ",1.5574
"TOAD ",6.0984
"TOAST",6.39975
"TOBACCO",6.27
"TODAY ",3.3279
"TOE ",6.1639
"TOGETHER ",3.8525
"TOLD ",2.1967
"TOM ",4.7705
"TOMAHAWK",6.57
"TOMB",6.37
"TOMORROW ",3.3934
"TONIGHT ",4.4784
"TONSILS ",5.3115
"TONY ",3.6721
"TOOK ",2.623
"TOOL",5.77
"TOOLS ",5.8689
"TOOTH ",6.3607
"TOP ",4.8525
"TORE ",4.377
"TOUCH ",4.2459
"TOWEL ",6.082
"TOWER",6.53
"TOWN ",5.541
"TOY",6.17
"TOYS ",6.1475
"TRACK ",5.2623
"TRACTION",4.77
"TRACTOR ",6.3607
"TRAGEDY",4.7
"TRAIN ",6.541
"TREE",6.77
"TRELLIS",5.6
"TRIBUTE",3.57
"TRICKS ",4.5246
"TRICYCLE ",6.4754
"TRIP ",5.1475
"TRIPOD",6.23
"TROOPS",6.13
"TROUBLE",3.53
"TROUSERS ",6.3115
"TRUCE",4.8
"TRUCK",6.48935
"TRUMPET",6.6
"TRUNK ",6.0328
"TRUTH",2.73
"TURKEY ",6.5082
"TURN ",3.3279
"TURTLE ",6.4918
"TWEEZERS",6.57
"TWELVE ",5.5082
"TWILIGHT",5.93
"TYPHOON",5.5
"UMBRELLA",6.41475
"UNBELIEVER",2.6
"UNCLE ",5.377
"UNDER ",3.3934
"UNDERWORLD",4.37
"UNIFICATION",2.77
"UNIT",2.87
"UNIVERSITY",6.53
"UNREALITY",2.1
"UNTIL ",1.7213
"UP ",3.7377
"UPKEEP",3.07
"UPON ",2.459
"UPSTAIRS ",5.0164
"US ",3.7541
"USE ",2.4262
"UTENSIL",5.47
"VACATION ",5.1803
"VACCINATION",5.97
"VACUUM",4.77
"VALENTINE ",6.1311
"VALLEY",6.57
"VANITY",3.83
"VAPOR",4.8
"VEGETABLE",5.83
"VEGETABLES ",6.2131
"VEHICLE",6.23
"VELOCITY",3.97
"VENOM",4.23
"VERY ",1.5082
"VESSEL",5.9
"VEST",6.37
"VESTIBULE",5.43
"VICKI ",4.2459
"VICTIM",5.07
"VICTORY",4.93
"VIGILANCE",3.53
"VIGOR",4.43
"VILLAGE",6.5
"VIOLATION",3.57
"VIRGINIA ",4.1803
"VIRTUE",3.33
"VISION",4.73
"VISIT ",3.459
"VOCATION",3.8
"VOLCANO",6.63
"VOLUME",4.53
"WAGON ",6.2459
"WAIT ",2.8689
"WAKE ",3.6557
"WALK ",5.3443
"WALL ",5.9836
"WANT ",2.4098
"WAR ",5.9672
"WARBLER",5.57
"WARM ",4.4426
"WARMTH",5.7
"WAS ",1.6557
"WASH ",4.7541
"WASN'T ",1.5738
"WATCH ",5.4426
"WATER",6.42295
"WAY ",2.3443
"WE",3.1311
"WE'LL",1.7541
"WE'RE ",2.0984
"WEAPON",5.73
"WEAR ",3.8852
"WEATHER ",4.9344
"WEDNESDAY ",3.6066
"WEEK ",3.6066
"WELFARE",3.17
"WELL ",4.1803
"WENCH",5.3
"WENT ",1.9344
"WERE ",1.7213
"WET ",5.7377
"WHALE",6.5
"WHALEBONE",4.9
"WHAT ",1.7541
"WHAT'S ",1.4918
"WHEAT",6.4
"WHEELS ",6.1475
"WHEN ",1.7213
"WHERE ",1.918
"WHICH ",1.4098
"WHILE ",1.7377
"WHISTLE ",5.7377
"WHITE ",5.1885
"WHO ",1.9508
"WHOLESALER",3.87
"WHOSE ",1.6066
"WHY ",1.7541
"WIFE",6.53
"WIGWAM",6.23
"WILD ",4.5082
"WILL ",2.6885
"WIND ",5.541
"WINDOW",6.3817
"WINE",6.6
"WINTER",6.43715
"WISH ",2.9672
"WISTFULNESS",3.13
"WITH ",1.8197
"WITHOUT ",2.3115
"WOKIO ",3.5082
"WOLF ",6.1148
"WOMAN",6.24345
"WON'T ",1.9672
"WONDER ",2.5574
"WOODS",6.7
"WORDS ",4.6885
"WORE ",2.6721
"WORK ",4.8525
"WORKHOUSE",4
"WORLD",5.7637
"WORMS ",6.2951
"WOULD ",1.541
"WOULDN'T ",1.7377
"WRITTEN ",3.6393
"WROTE ",3.541
"YACHT",6.77
"YARD ",5.7377
"YEARS ",2.8525
"YELLOW ",5.5574
"YES ",2.6557
"YESTERDAY ",3.1311
"YET ",1.8033
"YOU ",3.918
"YOU'LL ",1.9472
"YOUR ",2.082
"YOURS ",2.459
